<?xml version="1.0" encoding="UTF-8"?>
<!DOCTYPE why3session PUBLIC "-//Why3//proof session v5//EN"
"http://why3.lri.fr/why3session.dtd">
<why3session shape_version="6">
<prover id="0" name="Alt-Ergo" version="2.5.2" timelimit="30" steplimit="0" memlimit="1000"/>
<prover id="1" name="Z3" version="4.12.4" timelimit="1" steplimit="0" memlimit="1000"/>
<prover id="3" name="CVC5" version="1.0.6-dev.66.d284ecaae" alternative="strings+counterexamples" timelimit="1" steplimit="0" memlimit="1000"/>
<prover id="4" name="CVC4" version="1.7" timelimit="1" steplimit="0" memlimit="1000"/>
<prover id="5" name="Alt-Ergo" version="2.5.3" timelimit="30" steplimit="0" memlimit="1000"/>
<prover id="6" name="CVC5" version="1.0.6-dev.66.d284ecaae" timelimit="1" steplimit="0" memlimit="1000"/>
<prover id="7" name="Z3" version="4.12.1" timelimit="1" steplimit="0" memlimit="4000"/>
<file format="ocaml">
<path name=".."/><path name="path.ml"/>
<theory name="Path">
 <goal name="seq_cons" proved="true">
 <proof prover="0"><result status="valid" time="0.076825" steps="24"/></proof>
 </goal>
 <goal name="equal_hashes_HASHABLE" proved="true">
 <proof prover="0"><result status="valid" time="0.073724" steps="14"/></proof>
 </goal>
 <goal name="equal_hashes_COMPARABLE" proved="true">
 <proof prover="0"><result status="valid" time="0.056065" steps="14"/></proof>
 </goal>
 <goal name="Check.G.gt&#39;vc" expl="VC for gt" proved="true">
 <transf name="exists" proved="true" arg1="(empty1: fset t)">
  <goal name="gt&#39;vc.0" proved="true">
  <transf name="exists" proved="true" arg1="( fun(_: t) -&gt; empty1: fset t)">
   <goal name="gt&#39;vc.0.0" proved="true">
   <proof prover="4"><result status="valid" time="0.154176" steps="42188"/></proof>
   </goal>
  </transf>
  </goal>
 </transf>
 </goal>
 <goal name="Check.path_suc" proved="true">
 <transf name="split_vc" proved="true" >
  <goal name="path_suc.0" proved="true">
  <transf name="unfold" proved="true" arg1="has_path">
   <goal name="path_suc.0.0" proved="true">
   <transf name="unfold" proved="true" arg1="has_path" arg2="in" arg3="H1">
    <goal name="path_suc.0.0.0" proved="true">
    <transf name="introduce_exists" proved="true" >
     <goal name="path_suc.0.0.0.0" proved="true">
     <transf name="exists" proved="true" arg1="(snoc p v3)">
      <goal name="path_suc.0.0.0.0.0" proved="true">
      <proof prover="0"><result status="valid" time="0.116338" steps="455"/></proof>
      </goal>
     </transf>
     </goal>
    </transf>
    </goal>
   </transf>
   </goal>
  </transf>
  </goal>
 </transf>
 </goal>
 <goal name="Check.edge_path" proved="true">
 <proof prover="0"><result status="valid" time="0.099747" steps="81"/></proof>
 </goal>
 <goal name="Check.self_path" proved="true">
 <proof prover="0"><result status="valid" time="0.103166" steps="67"/></proof>
 </goal>
 <goal name="Check.intermediate_value_func&#39;vc" expl="VC for intermediate_value_func" proved="true">
 <proof prover="0"><result status="valid" time="4.755607" steps="24355"/></proof>
 </goal>
 <goal name="Check.intermediate_value" proved="true">
 <transf name="split_vc" proved="true" >
  <goal name="intermediate_value.0" proved="true">
  <transf name="instantiate" proved="true" arg1="intermediate_value_func&#39;spec" arg2="p,u,v">
   <goal name="intermediate_value.0.0" proved="true">
   <transf name="instantiate" proved="true" arg1="Hinst" arg2="(to_list s)">
    <goal name="intermediate_value.0.0.0" proved="true">
    <transf name="instantiate" proved="true" arg1="Hinst" arg2="g">
     <goal name="intermediate_value.0.0.0.0" proved="true">
     <transf name="destruct_rec" proved="true" arg1="Hinst">
      <goal name="intermediate_value.0.0.0.0.0" expl="destruct premise" proved="true">
      <proof prover="0"><result status="valid" time="0.062443" steps="22"/></proof>
      </goal>
      <goal name="intermediate_value.0.0.0.0.1" expl="destruct premise" proved="true">
      <proof prover="0"><result status="valid" time="0.081338" steps="22"/></proof>
      </goal>
      <goal name="intermediate_value.0.0.0.0.2" expl="destruct premise" proved="true">
      <proof prover="0"><result status="valid" time="0.401105" steps="1822"/></proof>
      </goal>
      <goal name="intermediate_value.0.0.0.0.3" proved="true">
      <proof prover="0"><result status="valid" time="0.580893" steps="2367"/></proof>
      </goal>
     </transf>
     </goal>
    </transf>
    </goal>
   </transf>
   </goal>
  </transf>
  </goal>
 </transf>
 </goal>
 <goal name="Check.check_path&#39;vc" expl="VC for check_path">
 <transf name="split_vc" >
  <goal name="check_path&#39;vc.0" expl="postcondition" proved="true">
  <proof prover="5"><result status="valid" time="0.106541" steps="250"/></proof>
  <proof prover="6"><result status="valid" time="0.202085" steps="43934"/></proof>
  </goal>
  <goal name="check_path&#39;vc.1" expl="postcondition" proved="true">
  <proof prover="4" obsolete="true"><result status="failure" time="0.000000"/></proof>
  <proof prover="5"><result status="valid" time="0.095753" steps="46"/></proof>
  </goal>
  <goal name="check_path&#39;vc.2" expl="postcondition" proved="true">
  <proof prover="4" obsolete="true"><result status="failure" time="0.000000"/></proof>
  <proof prover="5"><result status="valid" time="0.140265" steps="57"/></proof>
  </goal>
  <goal name="check_path&#39;vc.3" expl="postcondition" proved="true">
  <proof prover="5"><result status="valid" time="0.062604" steps="46"/></proof>
  <proof prover="6"><result status="valid" time="0.104993" steps="40179"/></proof>
  </goal>
  <goal name="check_path&#39;vc.4" expl="postcondition" proved="true">
  <proof prover="5"><result status="valid" time="0.063781" steps="46"/></proof>
  <proof prover="6"><result status="valid" time="0.102823" steps="40180"/></proof>
  </goal>
  <goal name="check_path&#39;vc.5" expl="postcondition" proved="true">
  <proof prover="5"><result status="valid" time="0.090330" steps="55"/></proof>
  <proof prover="6"><result status="valid" time="0.143192" steps="41357"/></proof>
  </goal>
  <goal name="check_path&#39;vc.6" expl="postcondition" proved="true">
  <proof prover="5"><result status="valid" time="0.068271" steps="46"/></proof>
  <proof prover="6"><result status="valid" time="0.189311" steps="40212"/></proof>
  </goal>
  <goal name="check_path&#39;vc.7" expl="postcondition" proved="true">
  <proof prover="5"><result status="valid" time="0.081588" steps="46"/></proof>
  <proof prover="6"><result status="valid" time="0.219234" steps="40215"/></proof>
  </goal>
  <goal name="check_path&#39;vc.8" expl="postcondition" proved="true">
  <proof prover="4" obsolete="true"><result status="failure" time="0.000000"/></proof>
  <proof prover="5"><result status="valid" time="0.103457" steps="55"/></proof>
  </goal>
  <goal name="check_path&#39;vc.9" expl="postcondition" proved="true">
  <proof prover="4" obsolete="true"><result status="failure" time="0.000000"/></proof>
  <proof prover="5"><result status="valid" time="0.145228" steps="199"/></proof>
  </goal>
  <goal name="check_path&#39;vc.10" expl="postcondition" proved="true">
  <proof prover="4" obsolete="true"><result status="failure" time="0.000000"/></proof>
  <proof prover="5"><result status="valid" time="0.107164" steps="55"/></proof>
  </goal>
  <goal name="check_path&#39;vc.11" expl="postcondition" proved="true">
  <proof prover="4" obsolete="true"><result status="failure" time="0.000000"/></proof>
  <proof prover="5"><result status="valid" time="0.061912" steps="46"/></proof>
  </goal>
  <goal name="check_path&#39;vc.12" expl="postcondition" proved="true">
  <proof prover="4" obsolete="true"><result status="failure" time="0.000000"/></proof>
  <proof prover="5"><result status="valid" time="0.080337" steps="657"/></proof>
  </goal>
  <goal name="check_path&#39;vc.13" expl="postcondition" proved="true">
  <proof prover="4" obsolete="true"><result status="failure" time="0.000000"/></proof>
  <proof prover="5"><result status="valid" time="0.156342" steps="1434"/></proof>
  </goal>
  <goal name="check_path&#39;vc.14" expl="postcondition" proved="true">
  <proof prover="4" obsolete="true"><result status="failure" time="0.000000"/></proof>
  <proof prover="5"><result status="valid" time="1.183570" steps="12518"/></proof>
  </goal>
  <goal name="check_path&#39;vc.15" expl="postcondition" proved="true">
  <proof prover="4" obsolete="true"><result status="failure" time="0.000000"/></proof>
  <proof prover="5"><result status="valid" time="0.086423" steps="54"/></proof>
  </goal>
  <goal name="check_path&#39;vc.16" expl="postcondition" proved="true">
  <proof prover="4" obsolete="true"><result status="failure" time="0.000000"/></proof>
  <proof prover="5"><result status="valid" time="0.092028" steps="54"/></proof>
  </goal>
  <goal name="check_path&#39;vc.17" expl="postcondition" proved="true">
  <proof prover="4" obsolete="true"><result status="failure" time="0.000000"/></proof>
  <proof prover="5"><result status="valid" time="0.109240" steps="63"/></proof>
  </goal>
  <goal name="check_path&#39;vc.18" expl="postcondition" proved="true">
  <proof prover="4" obsolete="true"><result status="failure" time="0.000000"/></proof>
  <proof prover="5"><result status="valid" time="0.091219" steps="54"/></proof>
  </goal>
  <goal name="check_path&#39;vc.19" expl="postcondition" proved="true">
  <proof prover="0" obsolete="true"><result status="timeout" time="30.000000" steps="135171"/></proof>
  <transf name="unfold" proved="true" arg1="disjoint">
   <goal name="check_path&#39;vc.19.0" expl="VC for check_path" proved="true">
   <proof prover="1" obsolete="true"><result status="failure" time="0.000000"/></proof>
   <proof prover="4" obsolete="true"><result status="failure" time="0.000000"/></proof>
   <proof prover="5"><result status="valid" time="0.784403" steps="6885"/></proof>
   </goal>
  </transf>
  </goal>
  <goal name="check_path&#39;vc.20" expl="postcondition" proved="true">
  <proof prover="1" obsolete="true"><result status="failure" time="0.000000"/></proof>
  <proof prover="4" obsolete="true"><result status="failure" time="0.000000"/></proof>
  <proof prover="5"><result status="valid" time="0.055462" steps="64"/></proof>
  </goal>
  <goal name="check_path&#39;vc.21" expl="postcondition" proved="true">
  <proof prover="4" obsolete="true"><result status="failure" time="0.000000"/></proof>
  <proof prover="5"><result status="valid" time="0.157798" steps="240"/></proof>
  </goal>
  <goal name="check_path&#39;vc.22" expl="postcondition" proved="true">
  <proof prover="4" obsolete="true"><result status="failure" time="0.000000"/></proof>
  <proof prover="5"><result status="valid" time="0.221595" steps="1995"/></proof>
  </goal>
  <goal name="check_path&#39;vc.23" expl="postcondition" proved="true">
  <proof prover="4" obsolete="true"><result status="failure" time="0.000000"/></proof>
  <proof prover="5"><result status="valid" time="0.090769" steps="56"/></proof>
  </goal>
  <goal name="check_path&#39;vc.24" expl="precondition" proved="true">
  <proof prover="1" obsolete="true"><result status="failure" time="0.000000"/></proof>
  <proof prover="4" obsolete="true"><result status="failure" time="0.000000"/></proof>
  <proof prover="5"><result status="valid" time="0.249696" steps="1297"/></proof>
  </goal>
  <goal name="check_path&#39;vc.25" expl="postcondition" proved="true">
  <proof prover="4" obsolete="true"><result status="failure" time="0.000000"/></proof>
  <proof prover="5"><result status="valid" time="0.104397" steps="74"/></proof>
  </goal>
  <goal name="check_path&#39;vc.26" expl="postcondition" proved="true">
  <proof prover="4" obsolete="true"><result status="failure" time="0.000000"/></proof>
  <proof prover="5"><result status="valid" time="0.111439" steps="74"/></proof>
  </goal>
  <goal name="check_path&#39;vc.27" expl="postcondition" proved="true">
  <proof prover="4" obsolete="true"><result status="failure" time="0.000000"/></proof>
  <proof prover="5"><result status="valid" time="0.087839" steps="74"/></proof>
  </goal>
  <goal name="check_path&#39;vc.28" expl="postcondition" proved="true">
  <proof prover="4" obsolete="true"><result status="failure" time="0.000000"/></proof>
  <proof prover="5"><result status="valid" time="0.118689" steps="76"/></proof>
  </goal>
  <goal name="check_path&#39;vc.29" expl="postcondition" proved="true">
  <proof prover="4" obsolete="true"><result status="failure" time="0.000000"/></proof>
  <proof prover="5"><result status="valid" time="0.103631" steps="76"/></proof>
  </goal>
  <goal name="check_path&#39;vc.30" expl="postcondition" proved="true">
  <proof prover="4" obsolete="true"><result status="failure" time="0.000000"/></proof>
  <proof prover="5"><result status="valid" time="0.126647" steps="76"/></proof>
  </goal>
  <goal name="check_path&#39;vc.31" expl="postcondition" proved="true">
  <proof prover="4" obsolete="true"><result status="failure" time="0.000000"/></proof>
  <proof prover="5"><result status="valid" time="0.203169" steps="710"/></proof>
  </goal>
  <goal name="check_path&#39;vc.32" expl="postcondition">
  <proof prover="4" obsolete="true"><result status="failure" time="0.000000"/></proof>
  <proof prover="5" obsolete="true"><result status="timeout" time="30.000000" steps="340888"/></proof>
  <proof prover="6" obsolete="true"><result status="timeout" time="1.000000" steps="144430"/></proof>
  <proof prover="7" memlimit="1000" obsolete="true"><result status="timeout" time="1.000000" steps="1374803"/></proof>
  <transf name="split_vc" >
   <goal name="check_path&#39;vc.32.0" expl="postcondition">
   <proof prover="6" timelimit="10" memlimit="4000" obsolete="true"><result status="timeout" time="10.000000" steps="940627"/></proof>
   <proof prover="7" timelimit="10" obsolete="true"><result status="timeout" time="10.000000" steps="3849446"/></proof>
   </goal>
  </transf>
  </goal>
  <goal name="check_path&#39;vc.33" expl="postcondition" proved="true">
  <proof prover="4" obsolete="true"><result status="failure" time="0.000000"/></proof>
  <proof prover="5"><result status="valid" time="0.058179" steps="74"/></proof>
  </goal>
  <goal name="check_path&#39;vc.34" expl="postcondition" proved="true">
  <proof prover="4" obsolete="true"><result status="failure" time="0.000000"/></proof>
  <proof prover="5"><result status="valid" time="0.126013" steps="101"/></proof>
  </goal>
  <goal name="check_path&#39;vc.35" expl="postcondition" proved="true">
  <proof prover="4" obsolete="true"><result status="failure" time="0.000000"/></proof>
  <proof prover="5"><result status="valid" time="0.122945" steps="98"/></proof>
  </goal>
  <goal name="check_path&#39;vc.36" expl="postcondition" proved="true">
  <proof prover="4" obsolete="true"><result status="failure" time="0.000000"/></proof>
  <proof prover="5"><result status="valid" time="0.072714" steps="99"/></proof>
  </goal>
  <goal name="check_path&#39;vc.37" expl="postcondition" proved="true">
  <proof prover="4" obsolete="true"><result status="failure" time="0.000000"/></proof>
  <proof prover="5"><result status="valid" time="0.089282" steps="74"/></proof>
  </goal>
  <goal name="check_path&#39;vc.38" expl="postcondition" proved="true">
  <proof prover="4" obsolete="true"><result status="failure" time="0.000000"/></proof>
  <proof prover="5"><result status="valid" time="0.111442" steps="99"/></proof>
  </goal>
  <goal name="check_path&#39;vc.39" expl="postcondition" proved="true">
  <proof prover="4" obsolete="true"><result status="failure" time="0.000000"/></proof>
  <proof prover="5"><result status="valid" time="0.078792" steps="100"/></proof>
  </goal>
  <goal name="check_path&#39;vc.40" expl="postcondition" proved="true">
  <proof prover="4" obsolete="true"><result status="failure" time="0.000000"/></proof>
  <proof prover="5"><result status="valid" time="0.101920" steps="74"/></proof>
  </goal>
  <goal name="check_path&#39;vc.41" expl="postcondition" proved="true">
  <proof prover="4" obsolete="true"><result status="failure" time="0.000000"/></proof>
  <proof prover="5"><result status="valid" time="0.099918" steps="74"/></proof>
  </goal>
  <goal name="check_path&#39;vc.42" expl="variant decrease" proved="true">
  <proof prover="4" obsolete="true"><result status="failure" time="0.000000"/></proof>
  <proof prover="5"><result status="valid" time="0.213438" steps="844"/></proof>
  </goal>
  <goal name="check_path&#39;vc.43" expl="precondition" proved="true">
  <proof prover="4" obsolete="true"><result status="failure" time="0.000000"/></proof>
  <proof prover="5"><result status="valid" time="0.093110" steps="509"/></proof>
  </goal>
  <goal name="check_path&#39;vc.44" expl="precondition" proved="true">
  <proof prover="4" obsolete="true"><result status="failure" time="0.000000"/></proof>
  <proof prover="5"><result status="valid" time="0.088844" steps="84"/></proof>
  </goal>
  <goal name="check_path&#39;vc.45" expl="precondition" proved="true">
  <proof prover="4" obsolete="true"><result status="failure" time="0.000000"/></proof>
  <proof prover="5"><result status="valid" time="0.192974" steps="2214"/></proof>
  </goal>
  <goal name="check_path&#39;vc.46" expl="precondition" proved="true">
  <proof prover="4" obsolete="true"><result status="failure" time="0.000000"/></proof>
  <proof prover="5"><result status="valid" time="0.751318" steps="8151"/></proof>
  </goal>
  <goal name="check_path&#39;vc.47" expl="precondition" proved="true">
  <proof prover="4" obsolete="true"><result status="failure" time="0.000000"/></proof>
  <proof prover="5"><result status="valid" time="0.088104" steps="603"/></proof>
  </goal>
  <goal name="check_path&#39;vc.48" expl="precondition" proved="true">
  <transf name="assert" proved="true" arg1="(forall vt. mem5 vt sucs -&gt; mem1 vt (graph.dom1))">
   <goal name="check_path&#39;vc.48.0" expl="asserted formula" proved="true">
   <proof prover="5" timelimit="5"><result status="valid" time="0.319247" steps="3419"/></proof>
   </goal>
   <goal name="check_path&#39;vc.48.1" expl="precondition" proved="true">
   <proof prover="5" timelimit="5"><result status="valid" time="1.167093" steps="13283"/></proof>
   </goal>
  </transf>
  </goal>
  <goal name="check_path&#39;vc.49" expl="precondition" proved="true">
  <proof prover="4" obsolete="true"><result status="failure" time="0.000000"/></proof>
  <proof prover="5"><result status="valid" time="0.240368" steps="2501"/></proof>
  </goal>
  <goal name="check_path&#39;vc.50" expl="precondition" proved="true">
  <proof prover="4" obsolete="true"><result status="failure" time="0.000000"/></proof>
  <proof prover="5"><result status="valid" time="17.676040" steps="188796"/></proof>
  </goal>
  <goal name="check_path&#39;vc.51" expl="precondition" proved="true">
  <proof prover="4" obsolete="true"><result status="failure" time="0.000000"/></proof>
  <proof prover="5"><result status="valid" time="0.244357" steps="2556"/></proof>
  </goal>
  <goal name="check_path&#39;vc.52" expl="precondition" proved="true">
  <proof prover="4" obsolete="true"><result status="failure" time="0.000000"/></proof>
  <proof prover="5"><result status="valid" time="3.021937" steps="34552"/></proof>
  </goal>
  <goal name="check_path&#39;vc.53" expl="precondition" proved="true">
  <proof prover="4" obsolete="true"><result status="failure" time="0.000000"/></proof>
  <proof prover="5"><result status="valid" time="0.056511" steps="129"/></proof>
  </goal>
  <goal name="check_path&#39;vc.54" expl="precondition" proved="true">
  <proof prover="4" obsolete="true"><result status="failure" time="0.000000"/></proof>
  <proof prover="5"><result status="valid" time="0.296013" steps="3084"/></proof>
  </goal>
  <goal name="check_path&#39;vc.55" expl="precondition" proved="true">
  <proof prover="4" obsolete="true"><result status="failure" time="0.000000"/></proof>
  <proof prover="5"><result status="valid" time="0.121849" steps="127"/></proof>
  </goal>
  <goal name="check_path&#39;vc.56" expl="precondition" proved="true">
  <proof prover="4" obsolete="true"><result status="failure" time="0.000000"/></proof>
  <proof prover="5"><result status="valid" time="0.099449" steps="94"/></proof>
  </goal>
  <goal name="check_path&#39;vc.57" expl="postcondition" proved="true">
  <proof prover="4" obsolete="true"><result status="failure" time="0.000000"/></proof>
  <proof prover="5"><result status="valid" time="0.098992" steps="96"/></proof>
  </goal>
  <goal name="check_path&#39;vc.58" expl="postcondition" proved="true">
  <proof prover="4" obsolete="true"><result status="failure" time="0.000000"/></proof>
  <proof prover="5"><result status="valid" time="0.096758" steps="96"/></proof>
  </goal>
  <goal name="check_path&#39;vc.59" expl="postcondition" proved="true">
  <proof prover="3"><result status="valid" time="0.226609" steps="49242"/></proof>
  <proof prover="5"><result status="valid" time="0.046333" steps="96"/></proof>
  </goal>
  <goal name="check_path&#39;vc.60" expl="postcondition" proved="true">
  <proof prover="4" obsolete="true"><result status="failure" time="0.000000"/></proof>
  <proof prover="5"><result status="valid" time="0.144310" steps="634"/></proof>
  </goal>
  <goal name="check_path&#39;vc.61" expl="postcondition" proved="true">
  <proof prover="4" obsolete="true"><result status="failure" time="0.000000"/></proof>
  <proof prover="5"><result status="valid" time="0.100889" steps="98"/></proof>
  </goal>
  <goal name="check_path&#39;vc.62" expl="postcondition" proved="true">
  <proof prover="1" obsolete="true"><result status="failure" time="0.000000"/></proof>
  <proof prover="4" obsolete="true"><result status="failure" time="0.000000"/></proof>
  <proof prover="5"><result status="valid" time="0.252769" steps="2587"/></proof>
  </goal>
  <goal name="check_path&#39;vc.63" expl="postcondition" proved="true">
  <proof prover="4" obsolete="true"><result status="failure" time="0.000000"/></proof>
  <proof prover="5"><result status="valid" time="0.096456" steps="639"/></proof>
  </goal>
  <goal name="check_path&#39;vc.64" expl="postcondition" proved="true">
  <proof prover="4" obsolete="true"><result status="failure" time="0.000000"/></proof>
  <proof prover="5"><result status="valid" time="0.094173" steps="616"/></proof>
  </goal>
  <goal name="check_path&#39;vc.65" expl="postcondition" proved="true">
  <proof prover="4" obsolete="true"><result status="failure" time="0.000000"/></proof>
  <proof prover="5"><result status="valid" time="0.104268" steps="96"/></proof>
  </goal>
  <goal name="check_path&#39;vc.66" expl="postcondition" proved="true">
  <proof prover="3"><result status="valid" time="0.183827" steps="52164"/></proof>
  <proof prover="5"><result status="valid" time="0.071456" steps="138"/></proof>
  </goal>
  <goal name="check_path&#39;vc.67" expl="postcondition" proved="true">
  <proof prover="4" obsolete="true"><result status="failure" time="0.000000"/></proof>
  <proof prover="5"><result status="valid" time="0.123992" steps="136"/></proof>
  </goal>
  <goal name="check_path&#39;vc.68" expl="postcondition" proved="true">
  <proof prover="4" obsolete="true"><result status="failure" time="0.000000"/></proof>
  <proof prover="5"><result status="valid" time="0.137637" steps="510"/></proof>
  </goal>
  <goal name="check_path&#39;vc.69" expl="postcondition" proved="true">
  <proof prover="4" obsolete="true"><result status="failure" time="0.000000"/></proof>
  <proof prover="5"><result status="valid" time="0.102018" steps="96"/></proof>
  </goal>
  <goal name="check_path&#39;vc.70" expl="postcondition" proved="true">
  <proof prover="4" obsolete="true"><result status="failure" time="0.000000"/></proof>
  <proof prover="5"><result status="valid" time="0.054160" steps="136"/></proof>
  </goal>
  <goal name="check_path&#39;vc.71" expl="postcondition" proved="true">
  <proof prover="4" obsolete="true"><result status="failure" time="0.000000"/></proof>
  <proof prover="5"><result status="valid" time="0.098348" steps="136"/></proof>
  </goal>
  <goal name="check_path&#39;vc.72" expl="postcondition" proved="true">
  <proof prover="4" obsolete="true"><result status="failure" time="0.000000"/></proof>
  <proof prover="5"><result status="valid" time="0.106048" steps="96"/></proof>
  </goal>
  <goal name="check_path&#39;vc.73" expl="postcondition" proved="true">
  <proof prover="4" obsolete="true"><result status="failure" time="0.000000"/></proof>
  <proof prover="5"><result status="valid" time="0.100406" steps="96"/></proof>
  </goal>
  <goal name="check_path&#39;vc.74" expl="variant decrease" proved="true">
  <proof prover="4" obsolete="true"><result status="failure" time="0.000000"/></proof>
  <proof prover="5"><result status="valid" time="0.096512" steps="725"/></proof>
  </goal>
  <goal name="check_path&#39;vc.75" expl="precondition" proved="true">
  <proof prover="4" obsolete="true"><result status="failure" time="0.000000"/></proof>
  <proof prover="5"><result status="valid" time="0.084558" steps="433"/></proof>
  </goal>
  <goal name="check_path&#39;vc.76" expl="precondition" proved="true">
  <proof prover="4" obsolete="true"><result status="failure" time="0.000000"/></proof>
  <proof prover="5"><result status="valid" time="0.090986" steps="76"/></proof>
  </goal>
  <goal name="check_path&#39;vc.77" expl="precondition" proved="true">
  <proof prover="4" obsolete="true"><result status="failure" time="0.000000"/></proof>
  <proof prover="5"><result status="valid" time="0.224106" steps="1839"/></proof>
  </goal>
  <goal name="check_path&#39;vc.78" expl="precondition" proved="true">
  <proof prover="4" obsolete="true"><result status="failure" time="0.000000"/></proof>
  <proof prover="5"><result status="valid" time="0.087834" steps="78"/></proof>
  </goal>
  <goal name="check_path&#39;vc.79" expl="precondition" proved="true">
  <proof prover="4" obsolete="true"><result status="failure" time="0.000000"/></proof>
  <proof prover="5"><result status="valid" time="0.199150" steps="512"/></proof>
  </goal>
  <goal name="check_path&#39;vc.80" expl="precondition" proved="true">
  <proof prover="4" obsolete="true"><result status="failure" time="0.000000"/></proof>
  <proof prover="5"><result status="valid" time="0.098492" steps="78"/></proof>
  </goal>
  <goal name="check_path&#39;vc.81" expl="precondition" proved="true">
  <proof prover="4" obsolete="true"><result status="failure" time="0.000000"/></proof>
  <proof prover="5"><result status="valid" time="0.122725" steps="109"/></proof>
  </goal>
  <goal name="check_path&#39;vc.82" expl="precondition" proved="true">
  <proof prover="4" obsolete="true"><result status="failure" time="0.000000"/></proof>
  <proof prover="5"><result status="valid" time="0.117464" steps="107"/></proof>
  </goal>
  <goal name="check_path&#39;vc.83" expl="precondition" proved="true">
  <proof prover="4" obsolete="true"><result status="failure" time="0.000000"/></proof>
  <proof prover="5"><result status="valid" time="0.053699" steps="539"/></proof>
  </goal>
  <goal name="check_path&#39;vc.84" expl="precondition" proved="true">
  <proof prover="4" obsolete="true"><result status="failure" time="0.000000"/></proof>
  <proof prover="5"><result status="valid" time="0.085925" steps="78"/></proof>
  </goal>
  <goal name="check_path&#39;vc.85" expl="precondition" proved="true">
  <proof prover="4" obsolete="true"><result status="failure" time="0.000000"/></proof>
  <proof prover="5"><result status="valid" time="0.085028" steps="108"/></proof>
  </goal>
  <goal name="check_path&#39;vc.86" expl="precondition" proved="true">
  <proof prover="4" obsolete="true"><result status="failure" time="0.000000"/></proof>
  <proof prover="5"><result status="valid" time="0.123513" steps="108"/></proof>
  </goal>
  <goal name="check_path&#39;vc.87" expl="precondition" proved="true">
  <proof prover="4" obsolete="true"><result status="failure" time="0.000000"/></proof>
  <proof prover="5"><result status="valid" time="0.084776" steps="78"/></proof>
  </goal>
  <goal name="check_path&#39;vc.88" expl="precondition" proved="true">
  <proof prover="4" obsolete="true"><result status="failure" time="0.000000"/></proof>
  <proof prover="5"><result status="valid" time="0.089245" steps="78"/></proof>
  </goal>
  <goal name="check_path&#39;vc.89" expl="postcondition" proved="true">
  <proof prover="4" obsolete="true"><result status="failure" time="0.000000"/></proof>
  <proof prover="5"><result status="valid" time="0.105041" steps="88"/></proof>
  </goal>
  <goal name="check_path&#39;vc.90" expl="postcondition" proved="true">
  <proof prover="4" obsolete="true"><result status="failure" time="0.000000"/></proof>
  <proof prover="5"><result status="valid" time="0.063313" steps="88"/></proof>
  </goal>
  <goal name="check_path&#39;vc.91" expl="postcondition" proved="true">
  <proof prover="1" obsolete="true"><result status="failure" time="0.000000"/></proof>
  <proof prover="4" obsolete="true"><result status="failure" time="0.000000"/></proof>
  <proof prover="5"><result status="valid" time="0.095098" steps="88"/></proof>
  </goal>
  <goal name="check_path&#39;vc.92" expl="postcondition" proved="true">
  <proof prover="4" obsolete="true"><result status="failure" time="0.000000"/></proof>
  <proof prover="5"><result status="valid" time="0.133318" steps="120"/></proof>
  </goal>
  <goal name="check_path&#39;vc.93" expl="postcondition" proved="true">
  <proof prover="4" obsolete="true"><result status="failure" time="0.000000"/></proof>
  <proof prover="5"><result status="valid" time="0.067192" steps="90"/></proof>
  </goal>
  <goal name="check_path&#39;vc.94" expl="postcondition" proved="true">
  <proof prover="4" obsolete="true"><result status="failure" time="0.000000"/></proof>
  <proof prover="5"><result status="valid" time="0.116040" steps="120"/></proof>
  </goal>
  <goal name="check_path&#39;vc.95" expl="postcondition" proved="true">
  <proof prover="4" obsolete="true"><result status="failure" time="0.000000"/></proof>
  <proof prover="5"><result status="valid" time="0.071208" steps="560"/></proof>
  </goal>
  <goal name="check_path&#39;vc.96" expl="postcondition" proved="true">
  <transf name="case" proved="true" arg1="(mem4 v1 (q.view2))">
   <goal name="check_path&#39;vc.96.0" expl="true case (postcondition)" proved="true">
   <proof prover="5" timelimit="10"><result status="valid" time="0.070989" steps="120"/></proof>
   </goal>
   <goal name="check_path&#39;vc.96.1" expl="false case (postcondition)" proved="true">
   <transf name="case" proved="true" arg1="(mem4 v2 (q.view2))">
    <goal name="check_path&#39;vc.96.1.0" expl="false case (true case. postcondition)" proved="true">
    <proof prover="5" timelimit="10"><result status="valid" time="0.096969" steps="556"/></proof>
    </goal>
    <goal name="check_path&#39;vc.96.1.1" expl="false case (postcondition)" proved="true">
    <transf name="assert" proved="true" arg1="(not mem2 v2 visited.dom)">
     <goal name="check_path&#39;vc.96.1.1.0" expl="asserted formula" proved="true">
     <proof prover="5" timelimit="10"><result status="valid" time="0.084497" steps="98"/></proof>
     </goal>
     <goal name="check_path&#39;vc.96.1.1.1" expl="false case (postcondition)" proved="true">
     <transf name="assert" proved="true" arg1="(mem2 v1 visited.dom)">
      <goal name="check_path&#39;vc.96.1.1.1.0" expl="asserted formula" proved="true">
      <proof prover="5" timelimit="10"><result status="valid" time="0.059892" steps="98"/></proof>
      </goal>
      <goal name="check_path&#39;vc.96.1.1.1.1" expl="false case (postcondition)" proved="true">
      <transf name="instantiate" proved="true" arg1="intermediate_value" arg2="(fun x -&gt; mem2 x (dom visited))">
       <goal name="check_path&#39;vc.96.1.1.1.1.0" expl="false case (postcondition)" proved="true">
       <transf name="instantiate" proved="true" arg1="Hinst" arg2="v1,v2">
        <goal name="check_path&#39;vc.96.1.1.1.1.0.0" expl="false case (postcondition)" proved="true">
        <transf name="unfold" proved="true" arg1="has_path" arg2="in" arg3="H">
         <goal name="check_path&#39;vc.96.1.1.1.1.0.0.0" expl="false case (postcondition)" proved="true">
         <transf name="introduce_exists" proved="true" >
          <goal name="check_path&#39;vc.96.1.1.1.1.0.0.0.0" expl="false case (postcondition)" proved="true">
          <transf name="instantiate" proved="true" arg1="Hinst" arg2="p,graph">
           <goal name="check_path&#39;vc.96.1.1.1.1.0.0.0.0.0" expl="false case (postcondition)" proved="true">
           <transf name="destruct" proved="true" arg1="Hinst">
            <goal name="check_path&#39;vc.96.1.1.1.1.0.0.0.0.0.0" expl="destruct premise" proved="true">
            <proof prover="5" timelimit="1"><result status="valid" time="0.077382" steps="128"/></proof>
            </goal>
            <goal name="check_path&#39;vc.96.1.1.1.1.0.0.0.0.0.1" expl="false case (postcondition)" proved="true">
            <transf name="destruct" proved="true" arg1="Hinst">
             <goal name="check_path&#39;vc.96.1.1.1.1.0.0.0.0.0.1.0" expl="destruct premise" proved="true">
             <proof prover="5" timelimit="10"><result status="valid" time="0.113868" steps="128"/></proof>
             </goal>
             <goal name="check_path&#39;vc.96.1.1.1.1.0.0.0.0.0.1.1" expl="false case (postcondition)" proved="true">
             <transf name="destruct" proved="true" arg1="Hinst">
              <goal name="check_path&#39;vc.96.1.1.1.1.0.0.0.0.0.1.1.0" expl="destruct premise" proved="true">
              <proof prover="5" timelimit="10"><result status="valid" time="0.089364" steps="94"/></proof>
              </goal>
              <goal name="check_path&#39;vc.96.1.1.1.1.0.0.0.0.0.1.1.1" expl="false case (postcondition)" proved="true">
              <transf name="introduce_exists" proved="true" >
               <goal name="check_path&#39;vc.96.1.1.1.1.0.0.0.0.0.1.1.1.0" expl="false case (postcondition)" proved="true">
               <transf name="exists" proved="true" arg1="v&#39;">
                <goal name="check_path&#39;vc.96.1.1.1.1.0.0.0.0.0.1.1.1.0.0" proved="true">
                <proof prover="5" timelimit="10"><result status="valid" time="0.475566" steps="3587"/></proof>
                </goal>
               </transf>
               </goal>
              </transf>
              </goal>
             </transf>
             </goal>
            </transf>
            </goal>
           </transf>
           </goal>
          </transf>
          </goal>
         </transf>
         </goal>
        </transf>
        </goal>
       </transf>
       </goal>
      </transf>
      </goal>
     </transf>
     </goal>
    </transf>
    </goal>
   </transf>
   </goal>
  </transf>
  </goal>
  <goal name="check_path&#39;vc.97" expl="postcondition" proved="true">
  <proof prover="4" obsolete="true"><result status="failure" time="0.000000"/></proof>
  <proof prover="5"><result status="valid" time="0.105230" steps="88"/></proof>
  </goal>
  <goal name="check_path&#39;vc.98" expl="postcondition" proved="true">
  <proof prover="4" obsolete="true"><result status="failure" time="0.000000"/></proof>
  <proof prover="5"><result status="valid" time="0.078501" steps="123"/></proof>
  </goal>
  <goal name="check_path&#39;vc.99" expl="postcondition" proved="true">
  <proof prover="4" obsolete="true"><result status="failure" time="0.000000"/></proof>
  <proof prover="5"><result status="valid" time="0.079647" steps="121"/></proof>
  </goal>
  <goal name="check_path&#39;vc.100" expl="postcondition" proved="true">
  <proof prover="4" obsolete="true"><result status="failure" time="0.000000"/></proof>
  <proof prover="5"><result status="valid" time="0.118308" steps="140"/></proof>
  </goal>
  <goal name="check_path&#39;vc.101" expl="postcondition" proved="true">
  <proof prover="4" obsolete="true"><result status="failure" time="0.000000"/></proof>
  <proof prover="5"><result status="valid" time="0.104993" steps="88"/></proof>
  </goal>
  <goal name="check_path&#39;vc.102" expl="postcondition" proved="true">
  <proof prover="4" obsolete="true"><result status="failure" time="0.000000"/></proof>
  <proof prover="5"><result status="valid" time="0.129236" steps="122"/></proof>
  </goal>
  <goal name="check_path&#39;vc.103" expl="postcondition" proved="true">
  <proof prover="4" obsolete="true"><result status="failure" time="0.000000"/></proof>
  <proof prover="5"><result status="valid" time="0.127448" steps="121"/></proof>
  </goal>
  <goal name="check_path&#39;vc.104" expl="postcondition" proved="true">
  <proof prover="4" obsolete="true"><result status="failure" time="0.000000"/></proof>
  <proof prover="5"><result status="valid" time="0.099384" steps="88"/></proof>
  </goal>
  <goal name="check_path&#39;vc.105" expl="postcondition" proved="true">
  <proof prover="4" obsolete="true"><result status="failure" time="0.000000"/></proof>
  <proof prover="5"><result status="valid" time="0.088615" steps="88"/></proof>
  </goal>
  <goal name="check_path&#39;vc.106" expl="precondition" proved="true">
  <proof prover="4" obsolete="true"><result status="failure" time="0.000000"/></proof>
  <proof prover="5"><result status="valid" time="0.083905" steps="72"/></proof>
  </goal>
  <goal name="check_path&#39;vc.107" expl="precondition" proved="true">
  <proof prover="4" obsolete="true"><result status="failure" time="0.000000"/></proof>
  <proof prover="5"><result status="valid" time="0.106788" steps="315"/></proof>
  </goal>
  <goal name="check_path&#39;vc.108" expl="precondition" proved="true">
  <proof prover="4" obsolete="true"><result status="failure" time="0.000000"/></proof>
  <proof prover="5"><result status="valid" time="0.170356" steps="331"/></proof>
  </goal>
  <goal name="check_path&#39;vc.109" expl="precondition" proved="true">
  <proof prover="4" obsolete="true"><result status="failure" time="0.000000"/></proof>
  <proof prover="5"><result status="valid" time="0.254450" steps="2104"/></proof>
  </goal>
  <goal name="check_path&#39;vc.110" expl="precondition" proved="true">
  <proof prover="4" obsolete="true"><result status="failure" time="0.000000"/></proof>
  <proof prover="5"><result status="valid" time="0.140532" steps="1073"/></proof>
  </goal>
  <goal name="check_path&#39;vc.111" expl="precondition" proved="true">
  <proof prover="4" obsolete="true"><result status="failure" time="0.000000"/></proof>
  <proof prover="5"><result status="valid" time="0.041626" steps="60"/></proof>
  </goal>
  <goal name="check_path&#39;vc.112" expl="precondition" proved="true">
  <proof prover="4" obsolete="true"><result status="failure" time="0.000000"/></proof>
  <proof prover="5"><result status="valid" time="0.925604" steps="13553"/></proof>
  </goal>
  <goal name="check_path&#39;vc.113" expl="precondition" proved="true">
  <proof prover="4" obsolete="true"><result status="failure" time="0.000000"/></proof>
  <proof prover="5"><result status="valid" time="0.041427" steps="82"/></proof>
  </goal>
  <goal name="check_path&#39;vc.114" expl="precondition" proved="true">
  <proof prover="4" obsolete="true"><result status="failure" time="0.000000"/></proof>
  <proof prover="5"><result status="valid" time="0.045354" steps="83"/></proof>
  </goal>
  <goal name="check_path&#39;vc.115" expl="precondition" proved="true">
  <proof prover="0" obsolete="true"><result status="timeout" time="30.000000" steps="150027"/></proof>
  <transf name="unfold" proved="true" arg1="disjoint">
   <goal name="check_path&#39;vc.115.0" expl="VC for check_path" proved="true">
   <proof prover="4" obsolete="true"><result status="failure" time="0.000000"/></proof>
   <proof prover="5"><result status="valid" time="2.930375" steps="42263"/></proof>
   </goal>
  </transf>
  </goal>
  <goal name="check_path&#39;vc.116" expl="precondition" proved="true">
  <proof prover="4" obsolete="true"><result status="failure" time="0.000000"/></proof>
  <proof prover="5"><result status="valid" time="0.064510" steps="391"/></proof>
  </goal>
  <goal name="check_path&#39;vc.117" expl="precondition" proved="true">
  <proof prover="4" obsolete="true"><result status="failure" time="0.000000"/></proof>
  <proof prover="5"><result status="valid" time="0.358801" steps="3702"/></proof>
  </goal>
  <goal name="check_path&#39;vc.118" expl="precondition" proved="true">
  <proof prover="4" obsolete="true"><result status="failure" time="0.000000"/></proof>
  <proof prover="5"><result status="valid" time="0.096922" steps="62"/></proof>
  </goal>
  <goal name="check_path&#39;vc.119" expl="precondition" proved="true">
  <proof prover="3"><result status="valid" time="0.248725" steps="53711"/></proof>
  </goal>
  <goal name="check_path&#39;vc.120" expl="variant decrease" proved="true">
  <proof prover="4" obsolete="true"><result status="failure" time="0.000000"/></proof>
  <proof prover="5"><result status="valid" time="0.155546" steps="1561"/></proof>
  </goal>
  <goal name="check_path&#39;vc.121" expl="precondition" proved="true">
  <proof prover="4" obsolete="true"><result status="failure" time="0.000000"/></proof>
  <proof prover="5"><result status="valid" time="0.060391" steps="392"/></proof>
  </goal>
  <goal name="check_path&#39;vc.122" expl="precondition" proved="true">
  <proof prover="4" obsolete="true"><result status="failure" time="0.000000"/></proof>
  <proof prover="5"><result status="valid" time="0.098353" steps="70"/></proof>
  </goal>
  <goal name="check_path&#39;vc.123" expl="precondition" proved="true">
  <proof prover="4" obsolete="true"><result status="failure" time="0.000000"/></proof>
  <proof prover="5"><result status="valid" time="0.120637" steps="100"/></proof>
  </goal>
  <goal name="check_path&#39;vc.124" expl="precondition" proved="true">
  <proof prover="4" obsolete="true"><result status="failure" time="0.000000"/></proof>
  <proof prover="5"><result status="valid" time="0.153201" steps="1279"/></proof>
  </goal>
  <goal name="check_path&#39;vc.125" expl="precondition" proved="true">
  <proof prover="4" obsolete="true"><result status="failure" time="0.000000"/></proof>
  <proof prover="5"><result status="valid" time="0.103914" steps="72"/></proof>
  </goal>
  <goal name="check_path&#39;vc.126" expl="precondition" proved="true">
  <proof prover="4" obsolete="true"><result status="failure" time="0.000000"/></proof>
  <proof prover="5"><result status="valid" time="0.120722" steps="98"/></proof>
  </goal>
  <goal name="check_path&#39;vc.127" expl="precondition" proved="true">
  <proof prover="4" obsolete="true"><result status="failure" time="0.000000"/></proof>
  <proof prover="5"><result status="valid" time="0.043663" steps="72"/></proof>
  </goal>
  <goal name="check_path&#39;vc.128" expl="precondition" proved="true">
  <proof prover="4" obsolete="true"><result status="failure" time="0.000000"/></proof>
  <proof prover="5"><result status="valid" time="0.094955" steps="72"/></proof>
  </goal>
  <goal name="check_path&#39;vc.129" expl="precondition" proved="true">
  <proof prover="4" obsolete="true"><result status="failure" time="0.000000"/></proof>
  <proof prover="5"><result status="valid" time="0.122512" steps="100"/></proof>
  </goal>
  <goal name="check_path&#39;vc.130" expl="precondition" proved="true">
  <proof prover="4" obsolete="true"><result status="failure" time="0.000000"/></proof>
  <proof prover="5"><result status="valid" time="0.079227" steps="441"/></proof>
  </goal>
  <goal name="check_path&#39;vc.131" expl="precondition" proved="true">
  <proof prover="4" obsolete="true"><result status="failure" time="0.000000"/></proof>
  <proof prover="5"><result status="valid" time="0.116430" steps="100"/></proof>
  </goal>
  <goal name="check_path&#39;vc.132" expl="precondition" proved="true">
  <proof prover="4" obsolete="true"><result status="failure" time="0.000000"/></proof>
  <proof prover="5"><result status="valid" time="0.152050" steps="431"/></proof>
  </goal>
  <goal name="check_path&#39;vc.133" expl="precondition" proved="true">
  <proof prover="4" obsolete="true"><result status="failure" time="0.000000"/></proof>
  <proof prover="5"><result status="valid" time="0.092239" steps="72"/></proof>
  </goal>
  <goal name="check_path&#39;vc.134" expl="postcondition" proved="true">
  <proof prover="4" obsolete="true"><result status="failure" time="0.000000"/></proof>
  <proof prover="5"><result status="valid" time="0.093501" steps="86"/></proof>
  </goal>
  <goal name="check_path&#39;vc.135" expl="postcondition" proved="true">
  <proof prover="4" obsolete="true"><result status="failure" time="0.000000"/></proof>
  <proof prover="5"><result status="valid" time="0.082778" steps="86"/></proof>
  </goal>
  <goal name="check_path&#39;vc.136" expl="postcondition" proved="true">
  <proof prover="4" obsolete="true"><result status="failure" time="0.000000"/></proof>
  <proof prover="5"><result status="valid" time="0.067518" steps="118"/></proof>
  </goal>
  <goal name="check_path&#39;vc.137" expl="postcondition" proved="true">
  <proof prover="4" obsolete="true"><result status="failure" time="0.000000"/></proof>
  <proof prover="5"><result status="valid" time="0.100826" steps="86"/></proof>
  </goal>
  <goal name="check_path&#39;vc.138" expl="postcondition" proved="true">
  <proof prover="4" obsolete="true"><result status="failure" time="0.000000"/></proof>
  <proof prover="5"><result status="valid" time="0.108676" steps="86"/></proof>
  </goal>
  <goal name="check_path&#39;vc.139" expl="postcondition" proved="true">
  <proof prover="4" obsolete="true"><result status="failure" time="0.000000"/></proof>
  <proof prover="5"><result status="valid" time="0.114395" steps="115"/></proof>
  </goal>
  <goal name="check_path&#39;vc.140" expl="postcondition" proved="true">
  <proof prover="4" obsolete="true"><result status="failure" time="0.000000"/></proof>
  <proof prover="5"><result status="valid" time="0.063129" steps="86"/></proof>
  </goal>
  <goal name="check_path&#39;vc.141" expl="postcondition" proved="true">
  <proof prover="4" obsolete="true"><result status="failure" time="0.000000"/></proof>
  <proof prover="5"><result status="valid" time="0.107708" steps="86"/></proof>
  </goal>
  <goal name="check_path&#39;vc.142" expl="postcondition" proved="true">
  <proof prover="4" obsolete="true"><result status="failure" time="0.000000"/></proof>
  <proof prover="5"><result status="valid" time="0.128845" steps="115"/></proof>
  </goal>
  <goal name="check_path&#39;vc.143" expl="postcondition" proved="true">
  <proof prover="4" obsolete="true"><result status="failure" time="0.000000"/></proof>
  <proof prover="5"><result status="valid" time="0.096790" steps="464"/></proof>
  </goal>
  <goal name="check_path&#39;vc.144" expl="postcondition" proved="true">
  <proof prover="4" obsolete="true"><result status="failure" time="0.000000"/></proof>
  <proof prover="5"><result status="valid" time="0.138387" steps="117"/></proof>
  </goal>
  <goal name="check_path&#39;vc.145" expl="postcondition" proved="true">
  <proof prover="4" obsolete="true"><result status="failure" time="0.000000"/></proof>
  <proof prover="5"><result status="valid" time="0.102967" steps="86"/></proof>
  </goal>
  <goal name="check_path&#39;vc.146" expl="exceptional postcondition" proved="true">
  <proof prover="4" obsolete="true"><result status="failure" time="0.000000"/></proof>
  <proof prover="5"><result status="valid" time="0.089755" steps="46"/></proof>
  </goal>
  <goal name="check_path&#39;vc.147" expl="precondition" proved="true">
  <proof prover="4" obsolete="true"><result status="failure" time="0.000000"/></proof>
  <proof prover="5"><result status="valid" time="0.116179" steps="187"/></proof>
  </goal>
  <goal name="check_path&#39;vc.148" expl="precondition" proved="true">
  <proof prover="4" obsolete="true"><result status="failure" time="0.000000"/></proof>
  <proof prover="5"><result status="valid" time="0.107995" steps="108"/></proof>
  </goal>
  <goal name="check_path&#39;vc.149" expl="precondition" proved="true">
  <proof prover="4" obsolete="true"><result status="failure" time="0.000000"/></proof>
  <proof prover="5"><result status="valid" time="0.124953" steps="172"/></proof>
  </goal>
  <goal name="check_path&#39;vc.150" expl="precondition" proved="true">
  <proof prover="4" obsolete="true"><result status="failure" time="0.000000"/></proof>
  <proof prover="5"><result status="valid" time="0.195000" steps="525"/></proof>
  </goal>
  <goal name="check_path&#39;vc.151" expl="precondition">
  <proof prover="4" obsolete="true"><result status="failure" time="0.000000"/></proof>
  <proof prover="5"><result status="timeout" time="30.000000" steps="472805"/></proof>
  <proof prover="6"><result status="timeout" time="1.000000" steps="142467"/></proof>
  <proof prover="7" memlimit="1000"><result status="timeout" time="1.000000" steps="1670598"/></proof>
  <transf name="split_vc" >
   <goal name="check_path&#39;vc.151.0" expl="precondition">
   <proof prover="6" timelimit="10" memlimit="4000"><result status="timeout" time="10.000000" steps="683968"/></proof>
   <proof prover="7" timelimit="10"><result status="timeout" time="10.000000" steps="3490494"/></proof>
   </goal>
  </transf>
  </goal>
  <goal name="check_path&#39;vc.152" expl="precondition" proved="true">
  <proof prover="4" obsolete="true"><result status="failure" time="0.000000"/></proof>
  <proof prover="5"><result status="valid" time="0.099754" steps="685"/></proof>
  </goal>
  <goal name="check_path&#39;vc.153" expl="precondition" proved="true">
  <proof prover="4" obsolete="true"><result status="failure" time="0.000000"/></proof>
  <proof prover="5"><result status="valid" time="0.187039" steps="868"/></proof>
  </goal>
  <goal name="check_path&#39;vc.154" expl="precondition" proved="true">
  <proof prover="4" obsolete="true"><result status="failure" time="0.000000"/></proof>
  <proof prover="5"><result status="valid" time="0.191389" steps="1897"/></proof>
  </goal>
  <goal name="check_path&#39;vc.155" expl="precondition" proved="true">
  <proof prover="4" obsolete="true"><result status="failure" time="0.000000"/></proof>
  <proof prover="5"><result status="valid" time="0.123665" steps="61"/></proof>
  </goal>
  <goal name="check_path&#39;vc.156" expl="precondition" proved="true">
  <proof prover="4" obsolete="true"><result status="failure" time="0.000000"/></proof>
  <proof prover="5"><result status="valid" time="0.098820" steps="744"/></proof>
  </goal>
  <goal name="check_path&#39;vc.157" expl="precondition" proved="true">
  <proof prover="4" obsolete="true"><result status="failure" time="0.000000"/></proof>
  <proof prover="5"><result status="valid" time="0.124697" steps="148"/></proof>
  </goal>
  <goal name="check_path&#39;vc.158" expl="precondition" proved="true">
  <proof prover="4" obsolete="true"><result status="failure" time="0.000000"/></proof>
  <proof prover="5"><result status="valid" time="0.183686" steps="363"/></proof>
  </goal>
  <goal name="check_path&#39;vc.159" expl="precondition" proved="true">
  <proof prover="4" obsolete="true"><result status="failure" time="0.000000"/></proof>
  <proof prover="5"><result status="valid" time="0.092047" steps="60"/></proof>
  </goal>
  <goal name="check_path&#39;vc.160" expl="postcondition" proved="true">
  <proof prover="4" obsolete="true"><result status="failure" time="0.000000"/></proof>
  <proof prover="5"><result status="valid" time="0.126910" steps="50"/></proof>
  </goal>
  <goal name="check_path&#39;vc.11" expl="postcondition">
  <proof prover="4"><result status="failure" time="0.000000"/></proof>
  <proof prover="5" obsolete="true"><result status="valid" time="0.081776" steps="52"/></proof>
  </goal>
  <goal name="check_path&#39;vc.147" expl="postcondition">
  <proof prover="0"><result status="valid" time="0.109073" steps="92"/></proof>
  <proof prover="4"><result status="failure" time="0.000000"/></proof>
  </goal>
  <goal name="check_path&#39;vc.24" expl="postcondition">
  <proof prover="4"><result status="failure" time="0.000000"/></proof>
  <proof prover="5" obsolete="true"><result status="valid" time="0.157702" steps="374"/></proof>
  </goal>
 </transf>
 </goal>
 <goal name="Check.emp_cons">
 <proof prover="0"><result status="valid" time="0.104386" steps="140"/></proof>
 </goal>
 <goal name="Check.list_notNil_cons&#39;vc" expl="VC for list_notNil_cons">
 <proof prover="0"><result status="valid" time="0.085544" steps="16"/></proof>
 </goal>
</theory>
</file>
</why3session>
